1,Atalanta,Davys,adavys0@fotki.com
2,Hatti,Spencelayh,hspencelayh1@joomla.org
3,Arabel,Etchell,aetchell2@list-manage.com
4,Calhoun,Bilsland,cbilsland3@macromedia.com
5,Maryanne,Rooson,mrooson4@1und1.de
6,Mauricio,Perello,mperello5@oracle.com
7,Lona,Morena,lmorena6@sitemeter.com
8,Pooh,Challener,pchallener7@ibm.com
9,Danyette,Decent,ddecent8@columbia.edu
10,Stevana,Tebbs,stebbs9@huffingtonpost.com
11,Myrta,Willmer,mwillmera@google.co.jp
12,Cherie,Mazzey,cmazzeyb@berkeley.edu
13,Norah,Bromilow,nbromilowc@oaic.gov.au
14,Dermot,Shama,dshamad@washington.edu
15,Bayard,Giffard,bgiffarde@ebay.co.uk
16,Donnamarie,Caccavella,dcaccavellaf@mail.ru
17,Marthe,Mulliss,mmullissg@ftc.gov
18,Kelvin,Fontin,kfontinh@bandcamp.com
19,Alexandr,Pegden,apegdeni@e-recht24.de
20,Horacio,MacGarvey,hmacgarveyj@histats.com
21,Galina,Hedde,gheddek@fda.gov
22,Evita,Mearns,emearnsl@bloglovin.com
23,Winny,Cellone,wcellonem@photobucket.com
24,Jaime,Tumbelty,jtumbeltyn@fc2.com
25,Margarita,Eplett,mepletto@goodreads.com
26,Emelda,Kemp,ekempp@mail.ru
27,Annora,Espadero,aespaderoq@ihg.com
28,Jenilee,Lynock,jlynockr@goo.ne.jp
29,Knox,Gronaller,kgronallers@goo.ne.jp
30,Nowell,Keelinge,nkeelinget@mediafire.com
31,Sheri,Creamen,screamenu@livejournal.com
32,Jereme,Aronovitz,jaronovitzv@qq.com
33,Nicolis,Attow,nattoww@adobe.com
34,Damon,Shearmur,dshearmurx@mayoclinic.com
35,Halie,Murdie,hmurdiey@fastcompany.com
36,Veronica,Duchateau,vduchateauz@statcounter.com
37,Christa,Gritsaev,cgritsaev10@businessinsider.com
38,Steven,Denyer,sdenyer11@baidu.com
39,Angeli,Coldridge,acoldridge12@intel.com
40,Corry,Clyde,cclyde13@sitemeter.com
41,Deeanne,Broader,dbroader14@abc.net.au
42,Lazarus,Basill,lbasill15@cam.ac.uk
43,Natty,Clampe,nclampe16@theglobeandmail.com
44,Mariette,Swatradge,mswatradge17@cbc.ca
45,Heath,Bartolomivis,hbartolomivis18@independent.co.uk
46,Ashlan,Skurray,askurray19@gmpg.org
47,Clare,Rosbrough,crosbrough1a@themeforest.net
48,Bret,Lauritzen,blauritzen1b@columbia.edu
49,Jocelin,Cotterel,jcotterel1c@cargocollective.com
50,Beau,Liggons,bliggons1d@myspace.com
51,Chandal,Espley,cespley1e@geocities.com
52,Nolan,Olohan,nolohan1f@altervista.org
53,Vida,Turfus,vturfus1g@army.mil
54,Benedicto,Balk,bbalk1h@feedburner.com
55,Mitzi,Risby,mrisby1i@nytimes.com
56,Doyle,Lyddiatt,dlyddiatt1j@pcworld.com
57,Magnum,MacTerlagh,mmacterlagh1k@studiopress.com
58,Bastien,Nafziger,bnafziger1l@ft.com
59,Sile,Raymen,sraymen1m@elpais.com
60,Odelinda,Orsman,oorsman1n@ebay.com
61,Cassy,Deverall,cdeverall1o@statcounter.com
62,Leigha,Paulig,lpaulig1p@accuweather.com
63,Stephen,Recke,srecke1q@wix.com
64,Sibley,Faircloth,sfaircloth1r@icq.com
65,Diana,Laugier,dlaugier1s@economist.com
66,Bobina,Goforth,bgoforth1t@google.ca
67,Erastus,Itzhaki,eitzhaki1u@infoseek.co.jp
68,Kamilah,Medcalf,kmedcalf1v@yolasite.com
69,Gran,Arbuckle,garbuckle1w@networkadvertising.org
70,Allina,Kubacek,akubacek1x@youku.com
71,Mack,Custance,mcustance1y@wp.com
72,Jarrid,Hegel,jhegel1z@wikia.com
73,Shelba,Gradly,sgradly20@acquirethisname.com
74,Joey,Phare,jphare21@shutterfly.com
75,Hamid,Hannah,hhannah22@opera.com
76,Kitty,Comelli,kcomelli23@ucla.edu
77,Grier,Schwant,gschwant24@bandcamp.com
78,Diana,Klaes,dklaes25@sourceforge.net
79,Amby,Umbers,aumbers26@usda.gov
80,Wynny,Uff,wuff27@blogs.com
81,Ave,Fenning,afenning28@tumblr.com
82,Celina,Richly,crichly29@webs.com
83,Estele,Pitrelli,epitrelli2a@webeden.co.uk
84,Giffie,Bowlas,gbowlas2b@people.com.cn
85,Julia,Pampling,jpampling2c@ustream.tv
86,Jerome,Perks,jperks2d@bluehost.com
87,Moselle,Trayes,mtrayes2e@joomla.org
88,Thatch,Maleney,tmaleney2f@google.nl
89,Mead,Piatti,mpiatti2g@guardian.co.uk
90,Malina,Duckerin,mduckerin2h@wired.com
91,Ramon,Cowden,rcowden2i@state.tx.us
92,Gardie,Flippelli,gflippelli2j@odnoklassniki.ru
93,Garrick,Fullerton,gfullerton2k@narod.ru
94,Burty,Newing,bnewing2l@chronoengine.com
95,Shaine,Charnick,scharnick2m@godaddy.com
96,Cate,Peacock,cpeacock2n@cornell.edu
97,Solly,Cone,scone2o@google.ru
98,John,Gillcrist,jgillcrist2p@hp.com
99,Piggy,Daintith,pdaintith2q@tmall.com
100,Reube,Grishin,rgrishin2r@opera.com
101,Dwight,Ever,dever2s@guardian.co.uk
102,Broderic,O'Looney,bolooney2t@wikipedia.org
103,Harry,Flaune,hflaune2u@europa.eu
104,Jacquelin,Borless,jborless2v@harvard.edu
105,Catlee,Iacomettii,ciacomettii2w@hexun.com
106,Crissie,Phlipon,cphlipon2x@dot.gov
107,Gris,Ferrero,gferrero2y@nifty.com
108,Carlina,Leftly,cleftly2z@usgs.gov
109,Lizabeth,Armsden,larmsden30@techcrunch.com
110,Alric,Perch,aperch31@cafepress.com
111,Annora,Citrine,acitrine32@nyu.edu
112,Mirabelle,Sherville,msherville33@chicagotribune.com
113,Georgi,Piddocke,gpiddocke34@craigslist.org
114,Harp,Powles,hpowles35@sina.com.cn
115,Colene,Batha,cbatha36@purevolume.com
116,Rey,Abbotts,rabbotts37@bloomberg.com
117,Rafaelia,Beswick,rbeswick38@weibo.com
118,Barbee,Ciobutaro,bciobutaro39@qq.com
119,Kristoffer,Roomes,kroomes3a@craigslist.org
120,Sande,Gentner,sgentner3b@ameblo.jp
121,Morgun,Doy,mdoy3c@dailymotion.com
122,Jacquette,Meysham,jmeysham3d@desdev.cn
123,Boyce,Mayworth,bmayworth3e@nps.gov
124,Guido,Thackham,gthackham3f@php.net
125,Rora,Diboll,rdiboll3g@lulu.com
126,Rollie,Petracchi,rpetracchi3h@msu.edu
127,Gwendolen,Curtoys,gcurtoys3i@alibaba.com
128,Philip,Kiffe,pkiffe3j@intel.com
129,Patsy,Scopyn,pscopyn3k@eepurl.com
130,Lovell,Kahn,lkahn3l@springer.com
131,Onofredo,Yablsley,oyablsley3m@tiny.cc
132,Sheilakathryn,Starkings,sstarkings3n@fastcompany.com
133,Miriam,Landrick,mlandrick3o@cbc.ca
134,Vivianna,Dominico,vdominico3p@nsw.gov.au
135,Tamera,Muat,tmuat3q@behance.net
136,Elvyn,Defrain,edefrain3r@npr.org
137,Abeu,Woodnutt,awoodnutt3s@gravatar.com
138,Collette,Brimm,cbrimm3t@craigslist.org
139,Pansie,Larive,plarive3u@forbes.com
140,Cherin,Kenrack,ckenrack3v@timesonline.co.uk
141,Marlowe,Shellsheere,mshellsheere3w@lycos.com
142,Shandra,Broader,sbroader3x@aol.com
143,Cheri,Horwell,chorwell3y@alexa.com
144,Waldemar,Lago,wlago3z@yandex.ru
145,Homere,Ioselevich,hioselevich40@aboutads.info
146,Irv,Blampy,iblampy41@alexa.com
147,Jacqui,Banane,jbanane42@naver.com
148,Jocelin,Fookes,jfookes43@gizmodo.com
149,Umeko,Philippart,uphilippart44@themeforest.net
150,Ajay,O' Neligan,aoneligan45@github.io
151,Simon,Seczyk,sseczyk46@barnesandnoble.com
152,Grover,Le Provost,gleprovost47@wikispaces.com
153,Bobby,Neagle,bneagle48@pen.io
154,Jaymee,Reaney,jreaney49@yellowbook.com
155,Derrik,Peris,dperis4a@4shared.com
156,Aida,Dominguez,adominguez4b@blogger.com
157,Davidde,Bromwich,dbromwich4c@hubpages.com
158,Britney,Rolfs,brolfs4d@springer.com
159,Donalt,Lally,dlally4e@quantcast.com
160,Kimmie,Craigg,kcraigg4f@parallels.com
161,Leo,Coase,lcoase4g@adobe.com
162,Carlene,Nasi,cnasi4h@google.de
163,Hilde,Patriche,hpatriche4i@symantec.com
164,Suki,Senton,ssenton4j@wix.com
165,Dolores,Chooter,dchooter4k@ucoz.com
166,Joyan,MacColl,jmaccoll4l@123-reg.co.uk
167,Rhea,Harmer,rharmer4m@google.es
168,Byron,Lomasna,blomasna4n@ed.gov
169,Lyssa,Porteous,lporteous4o@hp.com
170,Vic,Purveys,vpurveys4p@networkadvertising.org
171,Vanessa,Smalman,vsmalman4q@netvibes.com
172,Payton,Paffley,ppaffley4r@gravatar.com
173,Jackquelin,Stoves,jstoves4s@unblog.fr
174,Robbert,Annis,rannis4t@phoca.cz
175,Frants,Sellick,fsellick4u@github.com
176,Marylou,Bircher,mbircher4v@cisco.com
177,Efrem,Boncoeur,eboncoeur4w@clickbank.net
178,Ogdan,Testro,otestro4x@yahoo.com
179,Whitney,Younie,wyounie4y@google.com
180,Alfonse,Christophersen,achristophersen4z@bbc.co.uk
181,Billie,Pietersen,bpietersen50@unesco.org
182,Pepita,Scullion,pscullion51@scribd.com
183,Anthiathia,Tolle,atolle52@microsoft.com
184,Drusilla,Halgarth,dhalgarth53@imgur.com
185,Alvina,Kilkenny,akilkenny54@google.com.br
186,Roddy,Lorimer,rlorimer55@usa.gov
187,Corie,Zimmermeister,czimmermeister56@istockphoto.com
188,Harwilll,Wheeler,hwheeler57@bing.com
189,Hector,Fearenside,hfearenside58@europa.eu
190,Heywood,Wyness,hwyness59@i2i.jp
191,Iain,Werrilow,iwerrilow5a@quantcast.com
192,Homerus,Gavin,hgavin5b@dmoz.org
193,Robinetta,aManger,ramanger5c@de.vu
194,Bree,Cantero,bcantero5d@flickr.com
195,Willi,Cotter,wcotter5e@epa.gov
196,Randall,Daughtrey,rdaughtrey5f@twitter.com
197,Gertruda,Korneev,gkorneev5g@shutterfly.com
198,Alvis,Allanby,aallanby5h@geocities.jp
199,Gunter,Dysert,gdysert5i@cdbaby.com
200,Goldarina,Stollsteiner,gstollsteiner5j@csmonitor.com